Workbook
Name anchor: [1]Sheet2!#REF!
Name ht: [1]Sheet2!#REF!
Name PRINTAREA: #REF!
Name wdt: [1]Sheet2!#REF!
Name xxx: [1]Sheet2!#REF!

Sheet Provisions Covering Sheet
A2: Vessel Name
C4: Statement for Provisions consumption for : | J4: 46021
C7: Provisions balance brought forward | G7: =CONSOLIDATED!E321 -> 13303.125 | I7: Consumption as per attached | N7: =CONSOLIDATED!Y321 -> 7221.0792
C8: from last month | I8: Statement:
I9: Transport | N9: =G16+G17+G18 -> 0
I10: Less: Outport messing expenses | N10: =+'OUTPORT MESSING'!I16 -> 0
I11: (for Pilot / Workshop / Superintendent / Immigration / Customs etc. - actual cost)
C12: Provsions received during the month | G12: =CONSOLIDATED!J322 -> 0
I13: Provision value consumed for Ship's crew: | N13: =N7-N10 -> 7221.0792
C16: Transport (delivery Charge)= | E16: 1. Transportation + boat- | F16: = | I16: Value of Provisions balance carried forward : | N16: =G20-N7-N9 -> 6082.0456
E17: 2. Authorities and Terminal Fee- | J17: as on | K17: 46022
E18: 3. Transportation Fee-
E20: Total: | G20: =SUM(G7:G19) -> 13303.125 | K20: Total: | N20: =SUM(N7+N16+N9) -> 13303.125
G23: Per day per head expense: | J23: =+N7/H29 -> 9.7057516
D26: No. of crew x days of the month: | H26: ='Shipstaff Manday Calculation'!F34 -> 744
D27: Outport mandays | H27: ='OUTPORT MESSING'!H16 -> 0
D29: Total no. of man days for the month | H29: =H26+H27+H28 -> 744
L31: Master name
L32: Vessel Name

Sheet Shipstaff Manday Calculation
A1: Vessel Name
A2: Statement of man days for the month | D2: ='Provisions Covering Sheet'!J4 -> 46021
A4: No. | B4: Ranks | C4: From | D4: To | E4: Number of meals | F4: No. of days
A5: 1 | B5: Master | C5: 01.12.2025 | D5: 31.12.2025 | F5: 31 | G5: Onboard for full month calcuate as per the crew list onbaord
A6: 2 | B6: CH OFFICER | C6: 01.12.2025 | D6: 31.12.2025 | F6: 31
A7: 3 | B7: Adtnl CO | C7: 01.12.2025 | D7: 31.12.2025 | F7: 31
A8: 4 | B8: 2nd Officer | C8: 01.12.2025 | D8: 31.12.2025 | F8: 31
A9: 5 | B9: Dack Cadet | C9: 01.12.2025 | D9: 31.12.2025 | F9: 31
A10: 6 | B10: Ch.Eng. | C10: 01.12.2025 | D10: 31.12.2025 | F10: 31
A11: 7 | B11: 2nd Engineer | C11: 01.12.2025 | D11: 31.12.2025 | F11: 31
A12: 8 | B12: 3rd Engineer | C12: 01.12.2025 | D12: 31.12.2025 | F12: 31
A13: 9 | B13: 4th Engineer | C13: 01.12.2025 | D13: 31.12.2025 | F13: 31
A14: 10 | B14: Trainee Marine Engineer | C14: 01.12.2025 | D14: 31.12.2025 | F14: 31
A15: 11 | B15: Electrical Officer | C15: 01.12.2025 | D15: 31.12.2025 | F15: 31
A16: 12 | B16: BOSUN | C16: 01.12.2025 | D16: 31.12.2025 | F16: 31
A17: 13 | B17: AB 1 | C17: 01.12.2025 | D17: 31.12.2025 | F17: 31
... A28: 24 | B28: Trainee General Steward | C28: 01.12.2025 | D28: 31.12.2025 | F28: 31
B30: OFFSIGNERS
A31: 1
A32: 2
C34: Total Mandays: | F34: =SUM(F5:F33) -> 744
C44: ='Provisions Covering Sheet'!L31 -> Master name
D45: ='Provisions Covering Sheet'!L32 -> Vessel Name

Sheet CONSOLIDATED
J1: =E321 -> 13303.125
S3: (ALL AMOUNTS IN US DOLLARS)
A4: RECEIPT & CONSUMPTION STATEMENT FOR THE MONTH OF | F4: ='Provisions Covering Sheet'!J4 -> 46021 | V4: =S321-Y321 -> 6082.0456
A5: ='Provisions Covering Sheet'!J23 -> 9.7057516 | C5: MT ALMA | I5: =I321 -> 0 | M5: =M321 -> 0 | V5: =+V321 -> 6082.0456 | Y5: =Y321 -> 7221.0792
A6: ITEM | B6: UNIT | C6: OPENING ROB | F6: 1 PURCHASE | J6: 2 PURCHASE | N6: 3 PURCHASE | Q6: TOTAL MONTHLY ROB | T6: MONTH END ROB | W6: CONSUMPTION
C7: Weight | D7: Unit | E7: Total | F7: Weight | G7: UNIT SGD | H7: UNIT USD | I7: USD | J7: Weight | K7: UNIT AED | L7: UNIT USD | M7: USD | N7: Weight | O7: Unit | P7: Total | Q7: Weight | R7: Unit | S7: Total | T7: Weight | U7: Unit | V7: Total | W7: Weight | X7: Unit | Y7: Total
A8: INDIAN GOAT WHOLE(12-15 KG ZABIA HALAl) | B8: KGS | C8: 30.58 | D8: 7.6923077 | E8: =C8*D8 -> 235.23077 | H8: =G8/1.3 -> 0 | I8: =F8*H8 -> 0 | M8: =J8*L8 -> 0 | Q8: =C8+F8+J8+N8 -> 30.58 | R8: =IF(Q8=0,"0.00",S8/Q8) -> 7.6923077 | S8: =E8+I8+M8+P8 -> 235.23077 | T8: 12 | U8: =R8 -> 7.6923077 | V8: =T8*U8 -> 92.307692 | W8: =Q8-T8 -> 18.58 | X8: =R8 -> 7.6923077 | Y8: =W8*X8 -> 142.92308
A9: MUTTON BONELESS LEG | B9: KGS | C9: 20 | D9: 11.115385 | E9: =C9*D9 -> 222.30769 | H9: =G9/1.3 -> 0 | I9: =F9*H9 -> 0 | M9: =J9*L9 -> 0 | Q9: =C9+F9+J9+N9 -> 20 | R9: =IF(Q9=0,"0.00",S9/Q9) -> 11.115385 | S9: =E9+I9+M9+P9 -> 222.30769 | T9: 12 | U9: =R9 -> 11.115385 | V9: =T9*U9 -> 133.38462 | W9: =Q9-T9 -> 8 | X9: =R9 -> 11.115385 | Y9: =W9*X9 -> 88.923077
A10: CHICKEN WHOLE | B10: KGS | C10: 160 | D10: 2.4537326 | E10: =C10*D10 -> 392.59722 | H10: =G10/1.3 -> 0 | I10: =F10*H10 -> 0 | M10: =J10*L10 -> 0 | Q10: =C10+F10+J10+N10 -> 160 | R10: =IF(Q10=0,"0.00",S10/Q10) -> 2.4537326 | S10: =E10+I10+M10+P10 -> 392.59722 | T10: 60 | U10: =R10 -> 2.4537326 | V10: =T10*U10 -> 147.22396 | W10: =Q10-T10 -> 100 | X10: =R10 -> 2.4537326 | Y10: =W10*X10 -> 245.37326
A11: CHICKEN BREAST | B11: KGS | C11: 18 | D11: 3.8076923 | E11: =C11*D11 -> 68.538462 | H11: =G11/1.3 -> 0 | I11: =F11*H11 -> 0 | M11: =J11*L11 -> 0 | Q11: =C11+F11+J11+N11 -> 18 | R11: =IF(Q11=0,"0.00",S11/Q11) -> 3.8076923 | S11: =E11+I11+M11+P11 -> 68.538462 | T11: 10 | U11: =R11 -> 3.8076923 | V11: =T11*U11 -> 38.076923 | W11: =Q11-T11 -> 8 | X11: =R11 -> 3.8076923 | Y11: =W11*X11 -> 30.461538
A12: CHICKEN LEG DRUMSTICK | B12: KGS | C12: 40 | D12: 2.3203578 | E12: =C12*D12 -> 92.814311 | H12: =G12/1.3 -> 0 | I12: =F12*H12 -> 0 | M12: =J12*L12 -> 0 | Q12: =C12+F12+J12+N12 -> 40 | R12: =IF(Q12=0,"0.00",S12/Q12) -> 2.3203578 | S12: =E12+I12+M12+P12 -> 92.814311 | T12: 20 | U12: =R12 -> 2.3203578 | V12: =T12*U12 -> 46.407155 | W12: =Q12-T12 -> 20 | X12: =R12 -> 2.3203578 | Y12: =W12*X12 -> 46.407155
A13: CHICKEN WINGS | B13: KGS | D13: 0.00 | E13: =C13*D13 -> 0 | H13: =G13/1.3 -> 0 | I13: =F13*H13 -> 0 | M13: =J13*L13 -> 0 | Q13: =C13+F13+J13+N13 -> 0 | R13: =IF(Q13=0,"0.00",S13/Q13) -> 0.00 | S13: =E13+I13+M13+P13 -> 0 | U13: =R13 -> 0.00 | V13: =T13*U13 -> 0 | W13: =Q13-T13 -> 0 | X13: =R13 -> 0.00 | Y13: =W13*X13 -> 0
A14: CHICKEN SAUSAGES | B14: KGS | C14: 20 | D14: 2.5185927 | E14: =C14*D14 -> 50.371854 | H14: =G14/1.3 -> 0 | I14: =F14*H14 -> 0 | M14: =J14*L14 -> 0 | Q14: =C14+F14+J14+N14 -> 20 | R14: =IF(Q14=0,"0.00",S14/Q14) -> 2.5185927 | S14: =E14+I14+M14+P14 -> 50.371854 | T14: 15 | U14: =R14 -> 2.5185927 | V14: =T14*U14 -> 37.778891 | W14: =Q14-T14 -> 5 | X14: =R14 -> 2.5185927 | Y14: =W14*X14 -> 12.592964
A15: CHICKEN NUGGETS 1KG | B15: KGS | C15: 12 | D15: 3.6187152 | E15: =C15*D15 -> 43.424582 | H15: =G15/1.3 -> 0 | I15: =F15*H15 -> 0 | M15: =J15*L15 -> 0 | Q15: =C15+F15+J15+N15 -> 12 | R15: =IF(Q15=0,"0.00",S15/Q15) -> 3.6187152 | S15: =E15+I15+M15+P15 -> 43.424582 | T15: 7 | U15: =R15 -> 3.6187152 | V15: =T15*U15 -> 25.331006 | W15: =Q15-T15 -> 5 | X15: =R15 -> 3.6187152 | Y15: =W15*X15 -> 18.093576
A16: KING FISH | B16: KGS | C16: 25 | D16: 4.158387 | E16: =C16*D16 -> 103.95967 | H16: =G16/1.3 -> 0 | I16: =F16*H16 -> 0 | M16: =J16*L16 -> 0 | Q16: =C16+F16+J16+N16 -> 25 | R16: =IF(Q16=0,"0.00",S16/Q16) -> 4.158387 | S16: =E16+I16+M16+P16 -> 103.95967 | T16: 12 | U16: =R16 -> 4.158387 | V16: =T16*U16 -> 49.900643 | W16: =Q16-T16 -> 13 | X16: =R16 -> 4.158387 | Y16: =W16*X16 -> 54.05903
A17: FISH FILLET | B17: KGS | C17: 15 | D17: 3.5133201 | E17: =C17*D17 -> 52.699802 | H17: =G17/1.3 -> 0 | I17: =F17*H17 -> 0 | M17: =J17*L17 -> 0 | Q17: =C17+F17+J17+N17 -> 15 | R17: =IF(Q17=0,"0.00",S17/Q17) -> 3.5133201 | S17: =E17+I17+M17+P17 -> 52.699802 | T17: 8 | U17: =R17 -> 3.5133201 | V17: =T17*U17 -> 28.106561 | W17: =Q17-T17 -> 7 | X17: =R17 -> 3.5133201 | Y17: =W17*X17 -> 24.593241
A18: ROHU FISH | B18: KGS | C18: 2 | D18: 3.14 | E18: =C18*D18 -> 6.28 | H18: =G18/1.3 -> 0 | I18: =F18*H18 -> 0 | M18: =J18*L18 -> 0 | Q18: =C18+F18+J18+N18 -> 2 | R18: =IF(Q18=0,"0.00",S18/Q18) -> 3.14 | S18: =E18+I18+M18+P18 -> 6.28 | T18: 2 | U18: =R18 -> 3.14 | V18: =T18*U18 -> 6.28 | W18: =Q18-T18 -> 0 | X18: =R18 -> 3.14 | Y18: =W18*X18 -> 0
A19: PRAWNS PEELED MEDIUM SIZE | B19: KGS | C19: 25 | D19: 8.0054881 | E19: =C19*D19 -> 200.1372 | H19: =G19/1.3 -> 0 | I19: =F19*H19 -> 0 | M19: =J19*L19 -> 0 | Q19: =C19+F19+J19+N19 -> 25 | R19: =IF(Q19=0,"0.00",S19/Q19) -> 8.0054881 | S19: =E19+I19+M19+P19 -> 200.1372 | T19: 12 | U19: =R19 -> 8.0054881 | V19: =T19*U19 -> 96.065857 | W19: =Q19-T19 -> 13 | X19: =R19 -> 8.0054881 | Y19: =W19*X19 -> 104.07135
A20: POMFRET BLACK | B20: KGS | C20: 27 | D20: 4.6343991 | E20: =C20*D20 -> 125.12878 | H20: =G20/1.3 -> 0 | I20: =F20*H20 -> 0 | M20: =J20*L20 -> 0 | Q20: =C20+F20+J20+N20 -> 27 | R20: =IF(Q20=0,"0.00",S20/Q20) -> 4.6343991 | S20: =E20+I20+M20+P20 -> 125.12878 | T20: 12 | U20: =R20 -> 4.6343991 | V20: =T20*U20 -> 55.612789 | W20: =Q20-T20 -> 15 | X20: =R20 -> 4.6343991 | Y20: =W20*X20 -> 69.515987
A21: POMFRET WHITE BLACK BIG SIZE | B21: KGS | C21: 18 | D21: 13.727818 | E21: =C21*D21 -> 247.10073 | H21: =G21/1.3 -> 0 | I21: =F21*H21 -> 0 | M21: =J21*L21 -> 0 | Q21: =C21+F21+J21+N21 -> 18 | R21: =IF(Q21=0,"0.00",S21/Q21) -> 13.727818 | S21: =E21+I21+M21+P21 -> 247.10073 | T21: 8 | U21: =R21 -> 13.727818 | V21: =T21*U21 -> 109.82255 | W21: =Q21-T21 -> 10 | X21: =R21 -> 13.727818 | Y21: =W21*X21 -> 137.27818
A22: KING FISH TENGGIRI | B22: KGS | C22: 0 | D22: 0.00 | E22: =C22*D22 -> 0 | H22: =G22/1.3 -> 0 | I22: =F22*H22 -> 0 | M22: =J22*L22 -> 0 | Q22: =C22+F22+J22+N22 -> 0 | R22: =IF(Q22=0,"0.00",S22/Q22) -> 0.00 | S22: =E22+I22+M22+P22 -> 0 | T22: 0 | U22: =R22 -> 0.00 | V22: =T22*U22 -> 0 | W22: =Q22-T22 -> 0 | X22: =R22 -> 0.00 | Y22: =W22*X22 -> 0
A23: LOPSTORS FISH | B23: KGS | C23: 0 | D23: 0.00 | E23: =C23*D23 -> 0 | H23: =G23/1.3 -> 0 | I23: =F23*H23 -> 0 | M23: =J23*L23 -> 0 | Q23: =C23+F23+J23+N23 -> 0 | R23: =IF(Q23=0,"0.00",S23/Q23) -> 0.00 | S23: =E23+I23+M23+P23 -> 0 | T23: 0 | U23: =R23 -> 0.00 | V23: =T23*U23 -> 0 | W23: =Q23-T23 -> 0 | X23: =R23 -> 0.00 | Y23: =W23*X23 -> 0
A24: RED SNAPPER FISH | B24: KGS | C24: 15 | D24: 7.0611452 | E24: =C24*D24 -> 105.91718 | H24: =G24/1.3 -> 0 | I24: =F24*H24 -> 0 | M24: =J24*L24 -> 0 | Q24: =C24+F24+J24+N24 -> 15 | R24: =IF(Q24=0,"0.00",S24/Q24) -> 7.0611452 | S24: =E24+I24+M24+P24 -> 105.91718 | T24: 7 | U24: =R24 -> 7.0611452 | V24: =T24*U24 -> 49.428016 | W24: =Q24-T24 -> 8 | X24: =R24 -> 7.0611452 | Y24: =W24*X24 -> 56.489161
A25: CRAB (BIG SIZE) | B25: KGS | C25: 20 | D25: 9.0454281 | E25: =C25*D25 -> 180.90856 | H25: =G25/1.3 -> 0 | I25: =F25*H25 -> 0 | M25: =J25*L25 -> 0 | Q25: =C25+F25+J25+N25 -> 20 | R25: =IF(Q25=0,"0.00",S25/Q25) -> 9.0454281 | S25: =E25+I25+M25+P25 -> 180.90856 | T25: 12 | U25: =R25 -> 9.0454281 | V25: =T25*U25 -> 108.54514 | W25: =Q25-T25 -> 8 | X25: =R25 -> 9.0454281 | Y25: =W25*X25 -> 72.363425
A26: MACKERAL | B26: KGS | C26: 11 | D26: 2.4740919 | E26: =C26*D26 -> 27.215011 | H26: =G26/1.3 -> 0 | I26: =F26*H26 -> 0 | M26: =J26*L26 -> 0 | Q26: =C26+F26+J26+N26 -> 11 | R26: =IF(Q26=0,"0.00",S26/Q26) -> 2.4740919 | S26: =E26+I26+M26+P26 -> 27.215011 | T26: 7 | U26: =R26 -> 2.4740919 | V26: =T26*U26 -> 17.318643 | W26: =Q26-T26 -> 4 | X26: =R26 -> 2.4740919 | Y26: =W26*X26 -> 9.8963675
A27: SALMON FISH | B27: KGS | C27: 20 | D27: 10.012861 | E27: =C27*D27 -> 200.25722 | H27: =G27/1.3 -> 0 | I27: =F27*H27 -> 0 | M27: =J27*L27 -> 0 | Q27: =C27+F27+J27+N27 -> 20 | R27: =IF(Q27=0,"0.00",S27/Q27) -> 10.012861 | S27: =E27+I27+M27+P27 -> 200.25722 | T27: 12 | U27: =R27 -> 10.012861 | V27: =T27*U27 -> 120.15433 | W27: =Q27-T27 -> 8 | X27: =R27 -> 10.012861 | Y27: =W27*X27 -> 80.102888
A28: CHICKEN BURGER PATTY | B28: PKT | C28: 11 | D28: 4.2190343 | E28: =C28*D28 -> 46.409377 | H28: =G28/1.3 -> 0 | I28: =F28*H28 -> 0 | M28: =J28*L28 -> 0 | Q28: =C28+F28+J28+N28 -> 11 | R28: =IF(Q28=0,"0.00",S28/Q28) -> 4.2190343 | S28: =E28+I28+M28+P28 -> 46.409377 | T28: 10 | U28: =R28 -> 4.2190343 | V28: =T28*U28 -> 42.190343 | W28: =Q28-T28 -> 1 | X28: =R28 -> 4.2190343 | Y28: =W28*X28 -> 4.2190343
A29: VEG BURGER PATTY | B29: PKT | C29: 45 | D29: 2.6153846 | E29: =C29*D29 -> 117.69231 | H29: =G29/1.3 -> 0 | I29: =F29*H29 -> 0 | M29: =J29*L29 -> 0 | Q29: =C29+F29+J29+N29 -> 45 | R29: =IF(Q29=0,"0.00",S29/Q29) -> 2.6153846 | S29: =E29+I29+M29+P29 -> 117.69231 | T29: 10 | U29: =R29 -> 2.6153846 | V29: =T29*U29 -> 26.153846 | W29: =Q29-T29 -> 35 | X29: =R29 -> 2.6153846 | Y29: =W29*X29 -> 91.538462
A30: BOONDI LADOO | B30: PKT | C30: 5 | D30: 4.0769231 | E30: =C30*D30 -> 20.384615 | H30: =G30/1.3 -> 0 | I30: =F30*H30 -> 0 | M30: =J30*L30 -> 0 | Q30: =C30+F30+J30+N30 -> 5 | R30: =IF(Q30=0,"0.00",S30/Q30) -> 4.0769231 | S30: =E30+I30+M30+P30 -> 20.384615 | T30: 1 | U30: =R30 -> 4.0769231 | V30: =T30*U30 -> 4.0769231 | W30: =Q30-T30 -> 4 | X30: =R30 -> 4.0769231 | Y30: =W30*X30 -> 16.307692
A31: BURGER BUN | B31: PKT | C31: 20 | D31: 2.0329028 | E31: =C31*D31 -> 40.658055 | H31: =G31/1.3 -> 0 | I31: =F31*H31 -> 0 | M31: =J31*L31 -> 0 | Q31: =C31+F31+J31+N31 -> 20 | R31: =IF(Q31=0,"0.00",S31/Q31) -> 2.0329028 | S31: =E31+I31+M31+P31 -> 40.658055 | T31: 10 | U31: =R31 -> 2.0329028 | V31: =T31*U31 -> 20.329028 | W31: =Q31-T31 -> 10 | X31: =R31 -> 2.0329028 | Y31: =W31*X31 -> 20.329028
A32: PIZZA BASE | B32: PCS | C32: 10 | D32: 0.96350688 | E32: =C32*D32 -> 9.6350688 | H32: =G32/1.3 -> 0 | I32: =F32*H32 -> 0 | M32: =J32*L32 -> 0 | Q32: =C32+F32+J32+N32 -> 10 | R32: =IF(Q32=0,"0.00",S32/Q32) -> 0.96350688 | S32: =E32+I32+M32+P32 -> 9.6350688 | T32: 5 | U32: =R32 -> 0.96350688 | V32: =T32*U32 -> 4.8175344 | W32: =Q32-T32 -> 5 | X32: =R32 -> 0.96350688 | Y32: =W32*X32 -> 4.8175344
A33: PAV BUN | B33: PKT | C33: 0 | D33: 0.00 | E33: =C33*D33 -> 0 | H33: =G33/1.3 -> 0 | I33: =F33*H33 -> 0 | M33: =J33*L33 -> 0 | Q33: =C33+F33+J33+N33 -> 0 | R33: =IF(Q33=0,"0.00",S33/Q33) -> 0.00 | S33: =E33+I33+M33+P33 -> 0 | T33: 0 | U33: =R33 -> 0.00 | V33: =T33*U33 -> 0 | W33: =Q33-T33 -> 0 | X33: =R33 -> 0.00 | Y33: =W33*X33 -> 0
A34: SPRING ROLL FORZEN | B34: PKT | C34: 20 | D34: 3.537981 | E34: =C34*D34 -> 70.75962 | H34: =G34/1.3 -> 0 | I34: =F34*H34 -> 0 | M34: =J34*L34 -> 0 | Q34: =C34+F34+J34+N34 -> 20 | R34: =IF(Q34=0,"0.00",S34/Q34) -> 3.537981 | S34: =E34+I34+M34+P34 -> 70.75962 | T34: 15 | U34: =R34 -> 3.537981 | V34: =T34*U34 -> 53.069715 | W34: =Q34-T34 -> 5 | X34: =R34 -> 3.537981 | Y34: =W34*X34 -> 17.689905
A35: SAMOSAA | B35: PKT | C35: 0 | D35: 0.00 | E35: =C35*D35 -> 0 | H35: =G35/1.3 -> 0 | I35: =F35*H35 -> 0 | M35: =J35*L35 -> 0 | Q35: =C35+F35+J35+N35 -> 0 | R35: =IF(Q35=0,"0.00",S35/Q35) -> 0.00 | S35: =E35+I35+M35+P35 -> 0 | T35: 0 | U35: =R35 -> 0.00 | V35: =T35*U35 -> 0 | W35: =Q35-T35 -> 0 | X35: =R35 -> 0.00 | Y35: =W35*X35 -> 0
A36: CHANNA MASALA (100GMS) | B36: PKT | C36: 10 | D36: 1.3568173 | E36: =C36*D36 -> 13.568173 | H36: =G36/1.3 -> 0 | I36: =F36*H36 -> 0 | M36: =J36*L36 -> 0 | Q36: =C36+F36+J36+N36 -> 10 | R36: =IF(Q36=0,"0.00",S36/Q36) -> 1.3568173 | S36: =E36+I36+M36+P36 -> 13.568173 | T36: 5 | U36: =R36 -> 1.3568173 | V36: =T36*U36 -> 6.7840865 | W36: =Q36-T36 -> 5 | X36: =R36 -> 1.3568173 | Y36: =W36*X36 -> 6.7840865
A37: BIRYANI MASALA (100 GMS) | B37: PKT | C37: 30 | D37: 1.2142033 | E37: =C37*D37 -> 36.4261 | H37: =G37/1.3 -> 0 | I37: =F37*H37 -> 0 | M37: =J37*L37 -> 0 | Q37: =C37+F37+J37+N37 -> 30 | R37: =IF(Q37=0,"0.00",S37/Q37) -> 1.2142033 | S37: =E37+I37+M37+P37 -> 36.4261 | T37: 18 | U37: =R37 -> 1.2142033 | V37: =T37*U37 -> 21.85566 | W37: =Q37-T37 -> 12 | X37: =R37 -> 1.2142033 | Y37: =W37*X37 -> 14.57044
A38: PAV BHAJI MASALA(100 GMS) | B38: PKT | C38: 5 | D38: 1.2995079 | E38: =C38*D38 -> 6.4975394 | H38: =G38/1.3 -> 0 | I38: =F38*H38 -> 0 | M38: =J38*L38 -> 0 | Q38: =C38+F38+J38+N38 -> 5 | R38: =IF(Q38=0,"0.00",S38/Q38) -> 1.2995079 | S38: =E38+I38+M38+P38 -> 6.4975394 | T38: 5 | U38: =R38 -> 1.2995079 | V38: =T38*U38 -> 6.4975394 | W38: =Q38-T38 -> 0 | X38: =R38 -> 1.2995079 | Y38: =W38*X38 -> 0
A39: SAMBHAR MASALA(100 GMS) | B39: PKT | C39: 30 | D39: 0.87687677 | E39: =C39*D39 -> 26.306303 | H39: =G39/1.3 -> 0 | I39: =F39*H39 -> 0 | M39: =J39*L39 -> 0 | Q39: =C39+F39+J39+N39 -> 30 | R39: =IF(Q39=0,"0.00",S39/Q39) -> 0.87687677 | S39: =E39+I39+M39+P39 -> 26.306303 | T39: 15 | U39: =R39 -> 0.87687677 | V39: =T39*U39 -> 13.153151 | W39: =Q39-T39 -> 15 | X39: =R39 -> 0.87687677 | Y39: =W39*X39 -> 13.153151
A40: CHICKEN MASALA(100 GMS) | B40: PKT | C40: 35 | D40: 0.92065667 | E40: =C40*D40 -> 32.222983 | H40: =G40/1.3 -> 0 | I40: =F40*H40 -> 0 | M40: =J40*L40 -> 0 | Q40: =C40+F40+J40+N40 -> 35 | R40: =IF(Q40=0,"0.00",S40/Q40) -> 0.92065667 | S40: =E40+I40+M40+P40 -> 32.222983 | T40: 15 | U40: =R40 -> 0.92065667 | V40: =T40*U40 -> 13.80985 | W40: =Q40-T40 -> 20 | X40: =R40 -> 0.92065667 | Y40: =W40*X40 -> 18.413133
A41: KITCHEN KING MASALA (100GHMS) | B41: PKT | C41: 12 | D41: 1.3477376 | E41: =C41*D41 -> 16.172851 | H41: =G41/1.3 -> 0 | I41: =F41*H41 -> 0 | M41: =J41*L41 -> 0 | Q41: =C41+F41+J41+N41 -> 12 | R41: =IF(Q41=0,"0.00",S41/Q41) -> 1.3477376 | S41: =E41+I41+M41+P41 -> 16.172851 | T41: 6 | U41: =R41 -> 1.3477376 | V41: =T41*U41 -> 8.0864253 | W41: =Q41-T41 -> 6 | X41: =R41 -> 1.3477376 | Y41: =W41*X41 -> 8.0864253
A42: MEAT MASALA(100 GMS) | B42: PKT | C42: 20 | D42: 0.91731099 | E42: =C42*D42 -> 18.34622 | H42: =G42/1.3 -> 0 | I42: =F42*H42 -> 0 | M42: =J42*L42 -> 0 | Q42: =C42+F42+J42+N42 -> 20 | R42: =IF(Q42=0,"0.00",S42/Q42) -> 0.91731099 | S42: =E42+I42+M42+P42 -> 18.34622 | T42: 12 | U42: =R42 -> 0.91731099 | V42: =T42*U42 -> 11.007732 | W42: =Q42-T42 -> 8 | X42: =R42 -> 0.91731099 | Y42: =W42*X42 -> 7.338488
A43: FISH MASALA(100 GMS) | B43: PKT | C43: 20 | D43: 0.81843035 | E43: =C43*D43 -> 16.368607 | H43: =G43/1.3 -> 0 | I43: =F43*H43 -> 0 | M43: =J43*L43 -> 0 | Q43: =C43+F43+J43+N43 -> 20 | R43: =IF(Q43=0,"0.00",S43/Q43) -> 0.81843035 | S43: =E43+I43+M43+P43 -> 16.368607 | T43: 12 | U43: =R43 -> 0.81843035 | V43: =T43*U43 -> 9.8211642 | W43: =Q43-T43 -> 8 | X43: =R43 -> 0.81843035 | Y43: =W43*X43 -> 6.5474428
A44: TANDOORI CHICKEN MASALA(100 GMS)- (EVEREST) | B44: PKT | C44: 30 | D44: 1.2950082 | E44: =C44*D44 -> 38.850245 | H44: =G44/1.3 -> 0 | I44: =F44*H44 -> 0 | M44: =J44*L44 -> 0 | Q44: =C44+F44+J44+N44 -> 30 | R44: =IF(Q44=0,"0.00",S44/Q44) -> 1.2950082 | S44: =E44+I44+M44+P44 -> 38.850245 | T44: 12 | U44: =R44 -> 1.2950082 | V44: =T44*U44 -> 15.540098 | W44: =Q44-T44 -> 18 | X44: =R44 -> 1.2950082 | Y44: =W44*X44 -> 23.310147
A45: CHICKEN 65 MASALA | B45: PKT | C45: 26 | D45: 1.4892382 | E45: =C45*D45 -> 38.720192 | H45: =G45/1.3 -> 0 | I45: =F45*H45 -> 0 | M45: =J45*L45 -> 0 | Q45: =C45+F45+J45+N45 -> 26 | R45: =IF(Q45=0,"0.00",S45/Q45) -> 1.4892382 | S45: =E45+I45+M45+P45 -> 38.720192 | T45: 12 | U45: =R45 -> 1.4892382 | V45: =T45*U45 -> 17.870858 | W45: =Q45-T45 -> 14 | X45: =R45 -> 1.4892382 | Y45: =W45*X45 -> 20.849334
A46: FISH FRY MASALA | B46: PKT | C46: 25 | D46: 1.0834396 | E46: =C46*D46 -> 27.085989 | H46: =G46/1.3 -> 0 | I46: =F46*H46 -> 0 | M46: =J46*L46 -> 0 | Q46: =C46+F46+J46+N46 -> 25 | R46: =IF(Q46=0,"0.00",S46/Q46) -> 1.0834396 | S46: =E46+I46+M46+P46 -> 27.085989 | T46: 12 | U46: =R46 -> 1.0834396 | V46: =T46*U46 -> 13.001275 | W46: =Q46-T46 -> 13 | X46: =R46 -> 1.0834396 | Y46: =W46*X46 -> 14.084714
A47: CARDAMON SMALL(500 GMS) ( ELAICHI ) | B47: KGS | C47: 3 | D47: 26.395426 | E47: =C47*D47 -> 79.186278 | H47: =G47/1.3 -> 0 | I47: =F47*H47 -> 0 | M47: =J47*L47 -> 0 | Q47: =C47+F47+J47+N47 -> 3 | R47: =IF(Q47=0,"0.00",S47/Q47) -> 26.395426 | S47: =E47+I47+M47+P47 -> 79.186278 | T47: 2 | U47: =R47 -> 26.395426 | V47: =T47*U47 -> 52.790852 | W47: =Q47-T47 -> 1 | X47: =R47 -> 26.395426 | Y47: =W47*X47 -> 26.395426
... A95: DOSA MIX(200 GMS) GITTS | B95: PKT | C95: 60 | D95: 1.17038 | E95: =C95*D95 -> 70.2228 | H95: =G95/1.3 -> 0 | I95: =F95*H95 -> 0 | M95: =J95*L95 -> 0 | Q95: =C95+F95+J95+N95 -> 60 | R95: =IF(Q95=0,"0.00",S95/Q95) -> 1.17038 | S95: =E95+I95+M95+P95 -> 70.2228 | T95: 40 | U95: =R95 -> 1.17038 | V95: =T95*U95 -> 46.8152 | W95: =Q95-T95 -> 20 | X95: =R95 -> 1.17038 | Y95: =W95*X95 -> 23.4076
A96: IDLI MIX(200 GMS) GITTS | B96: PKT | D96: 0.00 | E96: =C96*D96 -> 0 | H96: =G96/1.3 -> 0 | I96: =F96*H96 -> 0 | M96: =J96*L96 -> 0 | Q96: =C96+F96+J96+N96 -> 0 | R96: =IF(Q96=0,"0.00",S96/Q96) -> 0.00 | S96: =E96+I96+M96+P96 -> 0 | U96: =R96 -> 0.00 | V96: =T96*U96 -> 0 | W96: =Q96-T96 -> 0 | X96: =R96 -> 0.00 | Y96: =W96*X96 -> 0
A97: VADA MIX(200 GMS) | B97: PKT | C97: 20 | D97: 1.7769 | E97: =C97*D97 -> 35.538 | H97: =G97/1.3 -> 0 | I97: =F97*H97 -> 0 | M97: =J97*L97 -> 0 | Q97: =C97+F97+J97+N97 -> 20 | R97: =IF(Q97=0,"0.00",S97/Q97) -> 1.7769 | S97: =E97+I97+M97+P97 -> 35.538 | T97: 0 | U97: =R97 -> 1.7769 | V97: =T97*U97 -> 0 | W97: =Q97-T97 -> 20 | X97: =R97 -> 1.7769 | Y97: =W97*X97 -> 35.538
A98: CHOCOLATE CAKE MIX(400 GMS) | B98: PKT | C98: 6 | D98: 1.5 | E98: =C98*D98 -> 9 | H98: =G98/1.3 -> 0 | I98: =F98*H98 -> 0 | M98: =J98*L98 -> 0 | Q98: =C98+F98+J98+N98 -> 6 | R98: =IF(Q98=0,"0.00",S98/Q98) -> 1.5 | S98: =E98+I98+M98+P98 -> 9 | T98: 2 | U98: =R98 -> 1.5 | V98: =T98*U98 -> 3 | W98: =Q98-T98 -> 4 | X98: =R98 -> 1.5 | Y98: =W98*X98 -> 6
A99: CAKE MAFFIN | B99: PCS | C99: 96 | D99: 1.4615385 | E99: =C99*D99 -> 140.30769 | H99: =G99/1.3 -> 0 | I99: =F99*H99 -> 0 | M99: =J99*L99 -> 0 | Q99: =C99+F99+J99+N99 -> 96 | R99: =IF(Q99=0,"0.00",S99/Q99) -> 1.4615385 | S99: =E99+I99+M99+P99 -> 140.30769 | T99: 30 | U99: =R99 -> 1.4615385 | V99: =T99*U99 -> 43.846154 | W99: =Q99-T99 -> 66 | X99: =R99 -> 1.4615385 | Y99: =W99*X99 -> 96.461538
A100: NESTLE EVAPORATED MILK | B100: TIN | C100: 0 | D100: 0.00 | E100: =C100*D100 -> 0 | H100: =G100/1.3 -> 0 | I100: =F100*H100 -> 0 | M100: =J100*L100 -> 0 | Q100: =C100+F100+J100+N100 -> 0 | R100: =IF(Q100=0,"0.00",S100/Q100) -> 0.00 | S100: =E100+I100+M100+P100 -> 0 | T100: 0 | U100: =R100 -> 0.00 | V100: =T100*U100 -> 0 | W100: =Q100-T100 -> 0 | X100: =R100 -> 0.00 | Y100: =W100*X100 -> 0
A101: COCONUT DESICCATED | B101: KGS | C101: 8 | D101: 4.6923077 | E101: =C101*D101 -> 37.538462 | H101: =G101/1.3 -> 0 | I101: =F101*H101 -> 0 | M101: =J101*L101 -> 0 | Q101: =C101+F101+J101+N101 -> 8 | R101: =IF(Q101=0,"0.00",S101/Q101) -> 4.6923077 | S101: =E101+I101+M101+P101 -> 37.538462 | T101: 3 | U101: =R101 -> 4.6923077 | V101: =T101*U101 -> 14.076923 | W101: =Q101-T101 -> 5 | X101: =R101 -> 4.6923077 | Y101: =W101*X101 -> 23.461538
A102: TANG(500 GMS) | B102: PKT | C102: 2 | D102: 2.7692308 | E102: =C102*D102 -> 5.5384615 | H102: =G102/1.3 -> 0 | I102: =F102*H102 -> 0 | M102: =J102*L102 -> 0 | Q102: =C102+F102+J102+N102 -> 2 | R102: =IF(Q102=0,"0.00",S102/Q102) -> 2.7692308 | S102: =E102+I102+M102+P102 -> 5.5384615 | T102: 2 | U102: =R102 -> 2.7692308 | V102: =T102*U102 -> 5.5384615 | W102: =Q102-T102 -> 0 | X102: =R102 -> 2.7692308 | Y102: =W102*X102 -> 0
A103: TOMATO KETCHUP (500 ML) | B103: BTL | C103: 40 | D103: 1.1922761 | E103: =C103*D103 -> 47.691043 | H103: =G103/1.3 -> 0 | I103: =F103*H103 -> 0 | M103: =J103*L103 -> 0 | Q103: =C103+F103+J103+N103 -> 40 | R103: =IF(Q103=0,"0.00",S103/Q103) -> 1.1922761 | S103: =E103+I103+M103+P103 -> 47.691043 | T103: 15 | U103: =R103 -> 1.1922761 | V103: =T103*U103 -> 17.884141 | W103: =Q103-T103 -> 25 | X103: =R103 -> 1.1922761 | Y103: =W103*X103 -> 29.806902
A104: PIZZA SAUCE | B104: BTL | C104: 0 | D104: 0.00 | E104: =C104*D104 -> 0 | H104: =G104/1.3 -> 0 | I104: =F104*H104 -> 0 | M104: =J104*L104 -> 0 | Q104: =C104+F104+J104+N104 -> 0 | R104: =IF(Q104=0,"0.00",S104/Q104) -> 0.00 | S104: =E104+I104+M104+P104 -> 0 | T104: 0 | U104: =R104 -> 0.00 | V104: =T104*U104 -> 0 | W104: =Q104-T104 -> 0 | X104: =R104 -> 0.00 | Y104: =W104*X104 -> 0
A105: RED CHILLI SAUCE (500 ML) | B105: BTL | C105: 30 | D105: 1.3295887 | E105: =C105*D105 -> 39.887662 | H105: =G105/1.3 -> 0 | I105: =F105*H105 -> 0 | M105: =J105*L105 -> 0 | Q105: =C105+F105+J105+N105 -> 30 | R105: =IF(Q105=0,"0.00",S105/Q105) -> 1.3295887 | S105: =E105+I105+M105+P105 -> 39.887662 | T105: 10 | U105: =R105 -> 1.3295887 | V105: =T105*U105 -> 13.295887 | W105: =Q105-T105 -> 20 | X105: =R105 -> 1.3295887 | Y105: =W105*X105 -> 26.591775
A106: SWEET CHILLI SAUCE (300 ML) | B106: BTL | C106: 30 | D106: 1.6227248 | E106: =C106*D106 -> 48.681744 | H106: =G106/1.3 -> 0 | I106: =F106*H106 -> 0 | M106: =J106*L106 -> 0 | Q106: =C106+F106+J106+N106 -> 30 | R106: =IF(Q106=0,"0.00",S106/Q106) -> 1.6227248 | S106: =E106+I106+M106+P106 -> 48.681744 | T106: 8 | U106: =R106 -> 1.6227248 | V106: =T106*U106 -> 12.981798 | W106: =Q106-T106 -> 22 | X106: =R106 -> 1.6227248 | Y106: =W106*X106 -> 35.699945
A107: BARBEQUE SAUCE 500 ML | B107: BTL | C107: 10 | D107: 2.6197444 | E107: =C107*D107 -> 26.197444 | H107: =G107/1.3 -> 0 | I107: =F107*H107 -> 0 | M107: =J107*L107 -> 0 | Q107: =C107+F107+J107+N107 -> 10 | R107: =IF(Q107=0,"0.00",S107/Q107) -> 2.6197444 | S107: =E107+I107+M107+P107 -> 26.197444 | T107: 5 | U107: =R107 -> 2.6197444 | V107: =T107*U107 -> 13.098722 | W107: =Q107-T107 -> 5 | X107: =R107 -> 2.6197444 | Y107: =W107*X107 -> 13.098722
A108: PICKLES-MANGO THOKKU (300 GMS)-RUCHI MAGIC | B108: BTL | C108: 6 | D108: 2.0761056 | E108: =C108*D108 -> 12.456633 | H108: =G108/1.3 -> 0 | I108: =F108*H108 -> 0 | M108: =J108*L108 -> 0 | Q108: =C108+F108+J108+N108 -> 6 | R108: =IF(Q108=0,"0.00",S108/Q108) -> 2.0761056 | S108: =E108+I108+M108+P108 -> 12.456633 | T108: 3 | U108: =R108 -> 2.0761056 | V108: =T108*U108 -> 6.2283167 | W108: =Q108-T108 -> 3 | X108: =R108 -> 2.0761056 | Y108: =W108*X108 -> 6.2283167
A109: PICKLES GARLIC(300GMS)-RUCHI MAGIC | B109: BTL | C109: 4 | D109: 2.060896 | E109: =C109*D109 -> 8.243584 | H109: =G109/1.3 -> 0 | I109: =F109*H109 -> 0 | M109: =J109*L109 -> 0 | Q109: =C109+F109+J109+N109 -> 4 | R109: =IF(Q109=0,"0.00",S109/Q109) -> 2.060896 | S109: =E109+I109+M109+P109 -> 8.243584 | T109: 1 | U109: =R109 -> 2.060896 | V109: =T109*U109 -> 2.060896 | W109: =Q109-T109 -> 3 | X109: =R109 -> 2.060896 | Y109: =W109*X109 -> 6.182688
A110: PRIYA PICKLE MIXED | B110: BTL | C110: 3 | D110: 1.8861484 | E110: =C110*D110 -> 5.6584453 | H110: =G110/1.3 -> 0 | I110: =F110*H110 -> 0 | M110: =J110*L110 -> 0 | Q110: =C110+F110+J110+N110 -> 3 | R110: =IF(Q110=0,"0.00",S110/Q110) -> 1.8861484 | S110: =E110+I110+M110+P110 -> 5.6584453 | T110: 1 | U110: =R110 -> 1.8861484 | V110: =T110*U110 -> 1.8861484 | W110: =Q110-T110 -> 2 | X110: =R110 -> 1.8861484 | Y110: =W110*X110 -> 3.7722969
A111: PRIYA PICKLE GREEN CHILLI | B111: BTL | C111: 3 | D111: 2.1565348 | E111: =C111*D111 -> 6.4696045 | H111: =G111/1.3 -> 0 | I111: =F111*H111 -> 0 | M111: =J111*L111 -> 0 | Q111: =C111+F111+J111+N111 -> 3 | R111: =IF(Q111=0,"0.00",S111/Q111) -> 2.1565348 | S111: =E111+I111+M111+P111 -> 6.4696045 | T111: 1 | U111: =R111 -> 2.1565348 | V111: =T111*U111 -> 2.1565348 | W111: =Q111-T111 -> 2 | X111: =R111 -> 2.1565348 | Y111: =W111*X111 -> 4.3130697
A112: JAM, MIXED (300 GMS) | B112: BTL | C112: 15 | D112: 2.5037102 | E112: =C112*D112 -> 37.555653 | H112: =G112/1.3 -> 0 | I112: =F112*H112 -> 0 | M112: =J112*L112 -> 0 | Q112: =C112+F112+J112+N112 -> 15 | R112: =IF(Q112=0,"0.00",S112/Q112) -> 2.5037102 | S112: =E112+I112+M112+P112 -> 37.555653 | T112: 5 | U112: =R112 -> 2.5037102 | V112: =T112*U112 -> 12.518551 | W112: =Q112-T112 -> 10 | X112: =R112 -> 2.5037102 | Y112: =W112*X112 -> 25.037102
A113: JAM, PINEAPPLE (300 GMS) | B113: BTL | C113: 4 | D113: 4.1732283 | E113: =C113*D113 -> 16.692913 | H113: =G113/1.3 -> 0 | I113: =F113*H113 -> 0 | M113: =J113*L113 -> 0 | Q113: =C113+F113+J113+N113 -> 4 | R113: =IF(Q113=0,"0.00",S113/Q113) -> 4.1732283 | S113: =E113+I113+M113+P113 -> 16.692913 | T113: 4 | U113: =R113 -> 4.1732283 | V113: =T113*U113 -> 16.692913 | W113: =Q113-T113 -> 0 | X113: =R113 -> 4.1732283 | Y113: =W113*X113 -> 0
A114: JAM, STRAWBERRY (300 GMS) | B114: BTL | C114: 3 | D114: 1.9879292 | E114: =C114*D114 -> 5.9637875 | H114: =G114/1.3 -> 0 | I114: =F114*H114 -> 0 | M114: =J114*L114 -> 0 | Q114: =C114+F114+J114+N114 -> 3 | R114: =IF(Q114=0,"0.00",S114/Q114) -> 1.9879292 | S114: =E114+I114+M114+P114 -> 5.9637875 | T114: 3 | U114: =R114 -> 1.9879292 | V114: =T114*U114 -> 5.9637875 | W114: =Q114-T114 -> 0 | X114: =R114 -> 1.9879292 | Y114: =W114*X114 -> 0
A115: BIRYANI KAWDA WATER | B115: BTL | C115: 2 | D115: 1.08 | E115: =C115*D115 -> 2.16 | H115: =G115/1.3 -> 0 | I115: =F115*H115 -> 0 | M115: =J115*L115 -> 0 | Q115: =C115+F115+J115+N115 -> 2 | R115: =IF(Q115=0,"0.00",S115/Q115) -> 1.08 | S115: =E115+I115+M115+P115 -> 2.16 | T115: 1 | U115: =R115 -> 1.08 | V115: =T115*U115 -> 1.08 | W115: =Q115-T115 -> 1 | X115: =R115 -> 1.08 | Y115: =W115*X115 -> 1.08
A116: ROSE WATER (450 ML) OFFER 300ML | B116: BTL | C116: 9 | D116: 0.54871795 | E116: =C116*D116 -> 4.9384615 | H116: =G116/1.3 -> 0 | I116: =F116*H116 -> 0 | M116: =J116*L116 -> 0 | Q116: =C116+F116+J116+N116 -> 9 | R116: =IF(Q116=0,"0.00",S116/Q116) -> 0.54871795 | S116: =E116+I116+M116+P116 -> 4.9384615 | T116: 5 | U116: =R116 -> 0.54871795 | V116: =T116*U116 -> 2.7435897 | W116: =Q116-T116 -> 4 | X116: =R116 -> 0.54871795 | Y116: =W116*X116 -> 2.1948718
... A124: CONDENSED MILK (400 GMS ) | B124: TIN | C124: 40 | D124: 0.80832535 | E124: =C124*D124 -> 32.333014 | H124: =G124/1.3 -> 0 | I124: =F124*H124 -> 0 | M124: =J124*L124 -> 0 | Q124: =C124+F124+J124+N124 -> 40 | R124: =IF(Q124=0,"0.00",S124/Q124) -> 0.80832535 | S124: =E124+I124+M124+P124 -> 32.333014 | T124: 15 | U124: =R124 -> 0.80832535 | V124: =T124*U124 -> 12.12488 | W124: =Q124-T124 -> 25 | X124: =R124 -> 0.80832535 | Y124: =W124*X124 -> 20.208134
A125: KAJU KATLI SWEET | B125: PKT | C125: 0 | D125: 0.00 | E125: =C125*D125 -> 0 | H125: =G125/1.3 -> 0 | I125: =F125*H125 -> 0 | M125: =J125*L125 -> 0 | Q125: =C125+F125+J125+N125 -> 0 | R125: =IF(Q125=0,"0.00",S125/Q125) -> 0.00 | S125: =E125+I125+M125+P125 -> 0 | T125: 0 | U125: =R125 -> 0.00 | V125: =T125*U125 -> 0 | W125: =Q125-T125 -> 0 | X125: =R125 -> 0.00 | Y125: =W125*X125 -> 0
A126: MUSTARD SAUCE | B126: BTL | C126: 4 | D126: 1.1153846 | E126: =C126*D126 -> 4.4615385 | H126: =G126/1.3 -> 0 | I126: =F126*H126 -> 0 | M126: =J126*L126 -> 0 | Q126: =C126+F126+J126+N126 -> 4 | R126: =IF(Q126=0,"0.00",S126/Q126) -> 1.1153846 | S126: =E126+I126+M126+P126 -> 4.4615385 | T126: 2 | U126: =R126 -> 1.1153846 | V126: =T126*U126 -> 2.2307692 | W126: =Q126-T126 -> 2 | X126: =R126 -> 1.1153846 | Y126: =W126*X126 -> 2.2307692
A127: SONPAPDI | B127: PKT | C127: 25 | D127: 1.6341009 | E127: =C127*D127 -> 40.852523 | H127: =G127/1.3 -> 0 | I127: =F127*H127 -> 0 | M127: =J127*L127 -> 0 | Q127: =C127+F127+J127+N127 -> 25 | R127: =IF(Q127=0,"0.00",S127/Q127) -> 1.6341009 | S127: =E127+I127+M127+P127 -> 40.852523 | T127: 10 | U127: =R127 -> 1.6341009 | V127: =T127*U127 -> 16.341009 | W127: =Q127-T127 -> 15 | X127: =R127 -> 1.6341009 | Y127: =W127*X127 -> 24.511514
A128: HEALTHY MIX VEGETABLE SOUP(1 KG PKT) KNOR | B128: PKT | C128: 5 | D128: 7.1538462 | E128: =C128*D128 -> 35.769231 | H128: =G128/1.3 -> 0 | I128: =F128*H128 -> 0 | M128: =J128*L128 -> 0 | Q128: =C128+F128+J128+N128 -> 5 | R128: =IF(Q128=0,"0.00",S128/Q128) -> 7.1538462 | S128: =E128+I128+M128+P128 -> 35.769231 | T128: 2 | U128: =R128 -> 7.1538462 | V128: =T128*U128 -> 14.307692 | W128: =Q128-T128 -> 3 | X128: =R128 -> 7.1538462 | Y128: =W128*X128 -> 21.461538
A129: PINE NUTS WITHOUT SHELL | B129: KGS | C129: 0 | D129: 45.230769 | E129: =C129*D129 -> 0 | H129: =G129/1.3 -> 0 | I129: =F129*H129 -> 0 | M129: =J129*L129 -> 0 | Q129: =C129+F129+J129+N129 -> 0 | R129: =IF(Q129=0,"0.00",S129/Q129) -> 0.00 | S129: =E129+I129+M129+P129 -> 0 | T129: 0 | U129: =R129 -> 0.00 | V129: =T129*U129 -> 0 | W129: =Q129-T129 -> 0 | X129: =R129 -> 0.00 | Y129: =W129*X129 -> 0
A130: MILK BISCUIT | B130: PKT | C130: 100 | D130: 0.54741243 | E130: =C130*D130 -> 54.741243 | H130: =G130/1.3 -> 0 | I130: =F130*H130 -> 0 | M130: =J130*L130 -> 0 | Q130: =C130+F130+J130+N130 -> 100 | R130: =IF(Q130=0,"0.00",S130/Q130) -> 0.54741243 | S130: =E130+I130+M130+P130 -> 54.741243 | T130: 50 | U130: =R130 -> 0.54741243 | V130: =T130*U130 -> 27.370622 | W130: =Q130-T130 -> 50 | X130: =R130 -> 0.54741243 | Y130: =W130*X130 -> 27.370622
A131: BISCUIT OREO | B131: PKT | C131: 70 | D131: 0.90822987 | E131: =C131*D131 -> 63.576091 | H131: =G131/1.3 -> 0 | I131: =F131*H131 -> 0 | M131: =J131*L131 -> 0 | Q131: =C131+F131+J131+N131 -> 70 | R131: =IF(Q131=0,"0.00",S131/Q131) -> 0.90822987 | S131: =E131+I131+M131+P131 -> 63.576091 | T131: 30 | U131: =R131 -> 0.90822987 | V131: =T131*U131 -> 27.246896 | W131: =Q131-T131 -> 40 | X131: =R131 -> 0.90822987 | Y131: =W131*X131 -> 36.329195
A132: GOOD DAY BISCUIT | B132: PKT | C132: 200 | D132: 0.51818962 | E132: =C132*D132 -> 103.63792 | H132: =G132/1.3 -> 0 | I132: =F132*H132 -> 0 | M132: =J132*L132 -> 0 | Q132: =C132+F132+J132+N132 -> 200 | R132: =IF(Q132=0,"0.00",S132/Q132) -> 0.51818962 | S132: =E132+I132+M132+P132 -> 103.63792 | T132: 90 | U132: =R132 -> 0.51818962 | V132: =T132*U132 -> 46.637066 | W132: =Q132-T132 -> 110 | X132: =R132 -> 0.51818962 | Y132: =W132*X132 -> 57.000858
A133: HALDIRAM ALL IN ONE 200 GRMS | B133: PKT | C133: 40 | D133: 1.2692308 | E133: =C133*D133 -> 50.769231 | H133: =G133/1.3 -> 0 | I133: =F133*H133 -> 0 | M133: =J133*L133 -> 0 | Q133: =C133+F133+J133+N133 -> 40 | R133: =IF(Q133=0,"0.00",S133/Q133) -> 1.2692308 | S133: =E133+I133+M133+P133 -> 50.769231 | T133: 20 | U133: =R133 -> 1.2692308 | V133: =T133*U133 -> 25.384615 | W133: =Q133-T133 -> 20 | X133: =R133 -> 1.2692308 | Y133: =W133*X133 -> 25.384615
A134: HALDIRAM NAVRATAN 250 GRMS | B134: PKT | C134: 60 | D134: 1.4615385 | E134: =C134*D134 -> 87.692308 | H134: =G134/1.3 -> 0 | I134: =F134*H134 -> 0 | M134: =J134*L134 -> 0 | Q134: =C134+F134+J134+N134 -> 60 | R134: =IF(Q134=0,"0.00",S134/Q134) -> 1.4615385 | S134: =E134+I134+M134+P134 -> 87.692308 | T134: 25 | U134: =R134 -> 1.4615385 | V134: =T134*U134 -> 36.538462 | W134: =Q134-T134 -> 35 | X134: =R134 -> 1.4615385 | Y134: =W134*X134 -> 51.153846
A135: HALDIRAM BHUJIA SEV 250 GRMS | B135: PKT | C135: 40 | D135: 1.0769231 | E135: =C135*D135 -> 43.076923 | H135: =G135/1.3 -> 0 | I135: =F135*H135 -> 0 | M135: =J135*L135 -> 0 | Q135: =C135+F135+J135+N135 -> 40 | R135: =IF(Q135=0,"0.00",S135/Q135) -> 1.0769231 | S135: =E135+I135+M135+P135 -> 43.076923 | T135: 15 | U135: =R135 -> 1.0769231 | V135: =T135*U135 -> 16.153846 | W135: =Q135-T135 -> 25 | X135: =R135 -> 1.0769231 | Y135: =W135*X135 -> 26.923077
A136: HALDIRAM KHATTA MEETHA 150 GRMS | B136: PKT | C136: 40 | D136: 1.2692308 | E136: =C136*D136 -> 50.769231 | H136: =G136/1.3 -> 0 | I136: =F136*H136 -> 0 | M136: =J136*L136 -> 0 | Q136: =C136+F136+J136+N136 -> 40 | R136: =IF(Q136=0,"0.00",S136/Q136) -> 1.2692308 | S136: =E136+I136+M136+P136 -> 50.769231 | T136: 15 | U136: =R136 -> 1.2692308 | V136: =T136*U136 -> 19.038462 | W136: =Q136-T136 -> 25 | X136: =R136 -> 1.2692308 | Y136: =W136*X136 -> 31.730769
A137: BROWN BREAD SLICED-800 GMS | B137: PKT | C137: 40 | D137: 1.2692308 | E137: =C137*D137 -> 50.769231 | H137: =G137/1.3 -> 0 | I137: =F137*H137 -> 0 | M137: =J137*L137 -> 0 | Q137: =C137+F137+J137+N137 -> 40 | R137: =IF(Q137=0,"0.00",S137/Q137) -> 1.2692308 | S137: =E137+I137+M137+P137 -> 50.769231 | T137: 15 | U137: =R137 -> 1.2692308 | V137: =T137*U137 -> 19.038462 | W137: =Q137-T137 -> 25 | X137: =R137 -> 1.2692308 | Y137: =W137*X137 -> 31.730769
... A157: MINT LEAVES | B157: KGS | C157: 0 | D157: 4.9680933 | E157: =C157*D157 -> 0 | H157: =G157/1.3 -> 0 | I157: =F157*H157 -> 0 | M157: =J157*L157 -> 0 | Q157: =C157+F157+J157+N157 -> 0 | R157: =IF(Q157=0,"0.00",S157/Q157) -> 0.00 | S157: =E157+I157+M157+P157 -> 0 | T157: 0 | U157: =R157 -> 0.00 | V157: =T157*U157 -> 0 | W157: =Q157-T157 -> 0 | X157: =R157 -> 0.00 | Y157: =W157*X157 -> 0
A158: METHI LEAVES | B158: KGS | C158: 0 | D158: 0.00 | E158: =C158*D158 -> 0 | H158: =G158/1.3 -> 0 | I158: =F158*H158 -> 0 | M158: =J158*L158 -> 0 | Q158: =C158+F158+J158+N158 -> 0 | R158: =IF(Q158=0,"0.00",S158/Q158) -> 0.00 | S158: =E158+I158+M158+P158 -> 0 | T158: 0 | U158: =R158 -> 0.00 | V158: =T158*U158 -> 0 | W158: =Q158-T158 -> 0 | X158: =R158 -> 0.00 | Y158: =W158*X158 -> 0
A159: RED SPNIACH LEAVES | B159: KGS | C159: 0 | D159: 0.00 | E159: =C159*D159 -> 0 | H159: =G159/1.3 -> 0 | I159: =F159*H159 -> 0 | M159: =J159*L159 -> 0 | Q159: =C159+F159+J159+N159 -> 0 | R159: =IF(Q159=0,"0.00",S159/Q159) -> 0.00 | S159: =E159+I159+M159+P159 -> 0 | T159: 0 | U159: =R159 -> 0.00 | V159: =T159*U159 -> 0 | W159: =Q159-T159 -> 0 | X159: =R159 -> 0.00 | Y159: =W159*X159 -> 0
A160: SPINACH LEAVES | B160: KGS | C160: 5 | D160: 1.4889759 | E160: =C160*D160 -> 7.4448795 | H160: =G160/1.3 -> 0 | I160: =F160*H160 -> 0 | M160: =J160*L160 -> 0 | Q160: =C160+F160+J160+N160 -> 5 | R160: =IF(Q160=0,"0.00",S160/Q160) -> 1.4889759 | S160: =E160+I160+M160+P160 -> 7.4448795 | T160: 0 | U160: =R160 -> 1.4889759 | V160: =T160*U160 -> 0 | W160: =Q160-T160 -> 5 | X160: =R160 -> 1.4889759 | Y160: =W160*X160 -> 7.4448795
A161: FENUGREEK LEAVES | B161: KGS | C161: 0 | D161: 0.00 | E161: =C161*D161 -> 0 | H161: =G161/1.3 -> 0 | I161: =F161*H161 -> 0 | M161: =J161*L161 -> 0 | Q161: =C161+F161+J161+N161 -> 0 | R161: =IF(Q161=0,"0.00",S161/Q161) -> 0.00 | S161: =E161+I161+M161+P161 -> 0 | T161: 0 | U161: =R161 -> 0.00 | V161: =T161*U161 -> 0 | W161: =Q161-T161 -> 0 | X161: =R161 -> 0.00 | Y161: =W161*X161 -> 0
A162: SNAKE GOURD | B162: KGS | C162: 7 | D162: 1 | E162: =C162*D162 -> 7 | H162: =G162/1.3 -> 0 | I162: =F162*H162 -> 0 | M162: =J162*L162 -> 0 | Q162: =C162+F162+J162+N162 -> 7 | R162: =IF(Q162=0,"0.00",S162/Q162) -> 1 | S162: =E162+I162+M162+P162 -> 7 | T162: 2 | U162: =R162 -> 1 | V162: =T162*U162 -> 2 | W162: =Q162-T162 -> 5 | X162: =R162 -> 1 | Y162: =W162*X162 -> 5
A163: FRESH PAPAYA | B163: KGS | C163: 30 | D163: 1.2362749 | E163: =C163*D163 -> 37.088247 | H163: =G163/1.3 -> 0 | I163: =F163*H163 -> 0 | M163: =J163*L163 -> 0 | Q163: =C163+F163+J163+N163 -> 30 | R163: =IF(Q163=0,"0.00",S163/Q163) -> 1.2362749 | S163: =E163+I163+M163+P163 -> 37.088247 | T163: 0 | U163: =R163 -> 1.2362749 | V163: =T163*U163 -> 0 | W163: =Q163-T163 -> 30 | X163: =R163 -> 1.2362749 | Y163: =W163*X163 -> 37.088247
A164: YELLOW PUMPKIN | B164: KGS | C164: 20 | D164: 0.92307692 | E164: =C164*D164 -> 18.461538 | H164: =G164/1.3 -> 0 | I164: =F164*H164 -> 0 | M164: =J164*L164 -> 0 | Q164: =C164+F164+J164+N164 -> 20 | R164: =IF(Q164=0,"0.00",S164/Q164) -> 0.92307692 | S164: =E164+I164+M164+P164 -> 18.461538 | T164: 5 | U164: =R164 -> 0.92307692 | V164: =T164*U164 -> 4.6153846 | W164: =Q164-T164 -> 15 | X164: =R164 -> 0.92307692 | Y164: =W164*X164 -> 13.846154
A165: BROCCOLI | B165: KGS | C165: 7 | D165: 2.5384615 | E165: =C165*D165 -> 17.769231 | H165: =G165/1.3 -> 0 | I165: =F165*H165 -> 0 | M165: =J165*L165 -> 0 | Q165: =C165+F165+J165+N165 -> 7 | R165: =IF(Q165=0,"0.00",S165/Q165) -> 2.5384615 | S165: =E165+I165+M165+P165 -> 17.769231 | T165: 0 | U165: =R165 -> 2.5384615 | V165: =T165*U165 -> 0 | W165: =Q165-T165 -> 7 | X165: =R165 -> 2.5384615 | Y165: =W165*X165 -> 17.769231
A166: DRUM STICKS | B166: KGS | C166: 4 | D166: 3.6153846 | E166: =C166*D166 -> 14.461538 | H166: =G166/1.3 -> 0 | I166: =F166*H166 -> 0 | M166: =J166*L166 -> 0 | Q166: =C166+F166+J166+N166 -> 4 | R166: =IF(Q166=0,"0.00",S166/Q166) -> 3.6153846 | S166: =E166+I166+M166+P166 -> 14.461538 | T166: 0 | U166: =R166 -> 3.6153846 | V166: =T166*U166 -> 0 | W166: =Q166-T166 -> 4 | X166: =R166 -> 3.6153846 | Y166: =W166*X166 -> 14.461538
A167: COCONUT FRESH | B167: PCS | C167: 20 | D167: 1.1923077 | E167: =C167*D167 -> 23.846154 | H167: =G167/1.3 -> 0 | I167: =F167*H167 -> 0 | M167: =J167*L167 -> 0 | Q167: =C167+F167+J167+N167 -> 20 | R167: =IF(Q167=0,"0.00",S167/Q167) -> 1.1923077 | S167: =E167+I167+M167+P167 -> 23.846154 | T167: 5 | U167: =R167 -> 1.1923077 | V167: =T167*U167 -> 5.9615385 | W167: =Q167-T167 -> 15 | X167: =R167 -> 1.1923077 | Y167: =W167*X167 -> 17.884615
A168: FRESH LEMON | B168: KGS | C168: 25 | D168: 1.8587842 | E168: =C168*D168 -> 46.469606 | H168: =G168/1.3 -> 0 | I168: =F168*H168 -> 0 | M168: =J168*L168 -> 0 | Q168: =C168+F168+J168+N168 -> 25 | R168: =IF(Q168=0,"0.00",S168/Q168) -> 1.8587842 | S168: =E168+I168+M168+P168 -> 46.469606 | T168: 5 | U168: =R168 -> 1.8587842 | V168: =T168*U168 -> 9.2939211 | W168: =Q168-T168 -> 20 | X168: =R168 -> 1.8587842 | Y168: =W168*X168 -> 37.175685
A169: RADISH | B169: KGS | C169: 5 | D169: 1.2045185 | E169: =C169*D169 -> 6.0225927 | H169: =G169/1.3 -> 0 | I169: =F169*H169 -> 0 | M169: =J169*L169 -> 0 | Q169: =C169+F169+J169+N169 -> 5 | R169: =IF(Q169=0,"0.00",S169/Q169) -> 1.2045185 | S169: =E169+I169+M169+P169 -> 6.0225927 | T169: 0 | U169: =R169 -> 1.2045185 | V169: =T169*U169 -> 0 | W169: =Q169-T169 -> 5 | X169: =R169 -> 1.2045185 | Y169: =W169*X169 -> 6.0225927
A170: RIDGE GOURD- TURAI | B170: KGS | C170: 0 | D170: 0.00 | E170: =C170*D170 -> 0 | H170: =G170/1.3 -> 0 | I170: =F170*H170 -> 0 | M170: =J170*L170 -> 0 | Q170: =C170+F170+J170+N170 -> 0 | R170: =IF(Q170=0,"0.00",S170/Q170) -> 0.00 | S170: =E170+I170+M170+P170 -> 0 | T170: 0 | U170: =R170 -> 0.00 | V170: =T170*U170 -> 0 | W170: =Q170-T170 -> 0 | X170: =R170 -> 0.00 | Y170: =W170*X170 -> 0
A171: FRESH MUSHROOM | B171: KGS | C171: 3 | D171: 7.2307692 | E171: =C171*D171 -> 21.692308 | H171: =G171/1.3 -> 0 | I171: =F171*H171 -> 0 | M171: =J171*L171 -> 0 | Q171: =C171+F171+J171+N171 -> 3 | R171: =IF(Q171=0,"0.00",S171/Q171) -> 7.2307692 | S171: =E171+I171+M171+P171 -> 21.692308 | T171: 0 | U171: =R171 -> 7.2307692 | V171: =T171*U171 -> 0 | W171: =Q171-T171 -> 3 | X171: =R171 -> 7.2307692 | Y171: =W171*X171 -> 21.692308
A172: CAULIFLOWER | B172: KGS | C172: 25 | D172: 2.3115944 | E172: =C172*D172 -> 57.78986 | H172: =G172/1.3 -> 0 | I172: =F172*H172 -> 0 | M172: =J172*L172 -> 0 | Q172: =C172+F172+J172+N172 -> 25 | R172: =IF(Q172=0,"0.00",S172/Q172) -> 2.3115944 | S172: =E172+I172+M172+P172 -> 57.78986 | T172: 5 | U172: =R172 -> 2.3115944 | V172: =T172*U172 -> 11.557972 | W172: =Q172-T172 -> 20 | X172: =R172 -> 2.3115944 | Y172: =W172*X172 -> 46.231888
A173: GREEN CHILIS HOT SMALL | B173: KGS | C173: 15 | D173: 3.6530706 | E173: =C173*D173 -> 54.79606 | H173: =G173/1.3 -> 0 | I173: =F173*H173 -> 0 | M173: =J173*L173 -> 0 | Q173: =C173+F173+J173+N173 -> 15 | R173: =IF(Q173=0,"0.00",S173/Q173) -> 3.6530706 | S173: =E173+I173+M173+P173 -> 54.79606 | T173: 2 | U173: =R173 -> 3.6530706 | V173: =T173*U173 -> 7.3061413 | W173: =Q173-T173 -> 13 | X173: =R173 -> 3.6530706 | Y173: =W173*X173 -> 47.489918
A174: GARLIC | B174: KGS | C174: 15 | D174: 3.5018804 | E174: =C174*D174 -> 52.528205 | H174: =G174/1.3 -> 0 | I174: =F174*H174 -> 0 | M174: =J174*L174 -> 0 | Q174: =C174+F174+J174+N174 -> 15 | R174: =IF(Q174=0,"0.00",S174/Q174) -> 3.5018804 | S174: =E174+I174+M174+P174 -> 52.528205 | T174: 5 | U174: =R174 -> 3.5018804 | V174: =T174*U174 -> 17.509402 | W174: =Q174-T174 -> 10 | X174: =R174 -> 3.5018804 | Y174: =W174*X174 -> 35.018804
...

Sheet OUTPORT MESSING
A1: MT ALMA
A2: STATEMENT OF MAN DAYS
A3: OUTPORT MESSING
B4: ='Provisions Covering Sheet'!J4 -> 46021
A5: No. | B5: Ranks | C5: From | D5: To | E5: No. of persons | F5: No. of days | G5: Number of meals | H5: Total Man days | I5: USD
A7: OUT PORT EXPENSES
A8: 1 | B8: 2 Surveyor and 1 sampling person at load port TB Indonesia | C8: 06.12.2025 | D8: 07.12.2025 | E8: 3 | F8: 1 | G8: Manually enter | I8: =H8*'Provisions Covering Sheet'!J23 -> 0
A9: 2 | B9: 1 Agent at disport | C9: 18.12.2025 | D9: 20.12.2025 | E9: 1 | F9: 3 | G9: Manually enter | I9: =H9*'Provisions Covering Sheet'!J23 -> 0
I10: =H10*'Provisions Covering Sheet'!J23 -> 0
I11: =H11*'Provisions Covering Sheet'!J23 -> 0
I12: =H12*'Provisions Covering Sheet'!J23 -> 0
I13: =H13*'Provisions Covering Sheet'!J23 -> 0
C16: Total Mandays: | H16: =SUM(H8:H15) -> 0 | I16: =SUM(I8:I15) -> 0
B18: CONSUMPTION | D18: TOTAL | I18: =I16 -> 0
E25: ='Provisions Covering Sheet'!L31 -> Master name
F26: ='Provisions Covering Sheet'!L32 -> Vessel Name

Sheet Spoiled Items 
A2: MT ALMA | E2: ='Provisions Covering Sheet'!J4 -> 46021
A6: ITEM | B6: UNIT | C6: ITEMS DAMAGED DURING BLACKOUT
C7: WEIGHT | D7: UNIT | E7: TOTAL
D8: COST
B9: KG | E9: =C9*D9*0.8 -> 0
B10: KG | E10: =C10*D10*0.8 -> 0
B11: KG | E11: =C11*D11*0.8 -> 0
B12: KG | E12: =C12*D12*0.8 -> 0
A13: TOTAL | E13: =SUM(E9:E12) -> 0
B15: KG | E15: =C15*D15*0.8 -> 0
B16: KG | E16: =C16*D16*0.8 -> 0
B17: KG | E17: =C17*D17*0.8 -> 0
A18: TOTAL | E18: =SUM(E15:E17) -> 0
A20: T O T A L S | E20: =E13+E18 -> 0
C26: ='Provisions Covering Sheet'!L31 -> Master name
C27: ='Provisions Covering Sheet'!L32:L32 -> Vessel Name
